﻿<?xml version="1.0" encoding="UTF-8" standalone="yes"?>
<addon id="plugin.image.mypicsdb2" version="19.0.6" name="My Pictures Database" provider-name="Xycl | MikeBZH44 | Alexsolex">
	<requires>
        <import addon="xbmc.python" version="3.0.0"/>
        <import addon="script.common.plugin.cache" version="2.6.1"/>
	</requires>
	<extension point="xbmc.python.pluginsource" library="default.py">
		<provides>image</provides>
	</extension>
	<extension point="xbmc.addon.metadata">
        <summary lang="be">Advanced Pictures manager</summary>
        <summary lang="bg">Разширено управление на снимки</summary>
        <summary lang="ca">Administrador de imatges avançat</summary>
        <summary lang="cs">Advanced Pictures manager</summary>
        <summary lang="da">Udvidet Billedhåndtering</summary>
        <summary lang="de">Erweiterter Bildermanager</summary>
        <summary lang="el">Προηγμένη Διαχείριση Εικόνων</summary>
        <summary lang="en">Advanced Pictures manager</summary>
        <summary lang="en_NZ">Advanced Pictures manager</summary>
        <summary lang="en_US">Advanced Pictures manager</summary>
        <summary lang="es">Gestor avanzado de imágenes</summary>
        <summary lang="fr">Gestion avancée de la photothèque</summary>
        <summary lang="fr_CA">Gestionnaire d'images évolué </summary>
        <summary lang="gl">Xestor Avanzado de Imaxes</summary>
        <summary lang="he">מנהל תמונות מתקדם</summary>
        <summary lang="hr">Napredni upravitelj slika</summary>
        <summary lang="hu">Haladó képkezelő</summary>
        <summary lang="id">Pengelola Gambar Lanjutan</summary>
        <summary lang="it">Gestore Immagini Avanzato</summary>
        <summary lang="ko">고급 사진 관리자</summary>
        <summary lang="lt">Pažangi nuotraukų tvarkyklė</summary>
        <summary lang="nl">Afbeeldingen manager</summary>
        <summary lang="pl">Zaawansowany menedżer obrazów</summary>
        <summary lang="pt">Gestor de Imagens Avançado</summary>
        <summary lang="pt_BR">Gerenciador de Imagens Avançado</summary>
        <summary lang="sk">Pokročilý správca obrázkov</summary>
        <summary lang="sv">Avancerad bildhanterare</summary>
        <summary lang="zh">高级图片管理器</summary>
        <description lang="be">Manage your pictures as you do for musics and videos[CR]Then you'll be able to sort your pictures by day/month/year, keywords and much more</description>
        <description lang="bg">Управлявайте снимките си по същия начин както музиката и видеото[CR]Така ще можете да подреждате снимките си по ден/месец/година, ключови думи и други.</description>
        <description lang="ca">Administra les teves imatges tal com ho fas amb la música i el vídeos[CR]Llavors podràs ordenar les teves fotografies per dia/mes/any, paraules clau i molt més</description>
        <description lang="cs">Spravujte svoje obrázky úplně stejně jako hudbu a videa[CR]Budete schopni třídit obrázky podle dne/měsíce/roku, tagů a mnohem více.</description>
        <description lang="da">Håndter dine billeder, som du håndterer musik og videoer[CR]Så vil du kunne sortere dine billeder efter dag/måned/år, nøgleord og meget andet</description>
        <description lang="de">Verwalte deine Bilder, genau wie deine Musik oder Videos in einer Datenbank.[CR]Dadurch lassen sich Bilder nach Tag/Monat/Jahr, Schlüsselwörtern und mehr sortieren bzw. filtern.</description>
        <description lang="el">Διαχειριστείτε τις εικόνες σας όπως κάνετε για τις ταινίες και τη μουσική σας[CR]Μετέπειτα θα μπορείτε να ταξινομείτε τις εικόνες σας ανάλογα με την ημερομηνία, το μήνα, το έτος, κάποια λέξη-κλειδί, και πολλά άλλα</description>
        <description lang="en">Manage your pictures as you do for musics and videos[CR]Then you'll be able to sort your pictures by day/month/year, keywords and much more</description>
        <description lang="en_NZ">Manage your pictures as you do for musics and videos[CR]Then you'll be able to sort your pictures by day/month/year, keywords and much more</description>
        <description lang="en_US">Manage your pictures as you do for musics and videos[CR]Then you'll be able to sort your pictures by day/month/year, keywords and much more</description>
        <description lang="es">Administre sus fotos como lo hace para la música y los videos[CR]Entonces usted será capaz de ordenar las fotos por día/mes/año, por palabras clave y mucho más</description>
        <description lang="fr">Cette extension permet de gérer les Images sous forme d'une base de données de la même manière que les médiathèques Musique ou Vidéos.[CR]Il est possible de trier les photos par dates, par mots-clés, et bien plus encore !</description>
        <description lang="fr_CA">Gérez vos images comme votre musique et vos vidéos[CR]Vous pourrez alors trier vos photos par jour/mois/année, mots-clefs et bien plus</description>
        <description lang="gl">Xestione as súas imaxes do mesmo xeito que cos seus vídeos e música[CR]Poderá ordenar as súas imaxes por día/mes/ano, palabras chaves e moito máis</description>
        <description lang="he">נהל את התמונות שלך בדיוק כפי שאתה מנהל מוזיקה ווידאו[CR]כך תוכל למיין תמונות לפי יום/חודש/שנה, מילות מפתח ועוד</description>
        <description lang="hr">Upravljajte vašim slikama, glazbom i video snimkama kao što to radite obično[CR]Tada ćete moći razvrstati vaše slike prema danu/mjesecu/godini, ključnim riječima i još mnog toga</description>
        <description lang="hu">Kezelje a képeit úgy, mint a zenéit és a videóit[CR]Lehetséges lesz a képek rendezése dátum, kulcsszavak és egyebek alapján.</description>
        <description lang="it">Gestisci le tue foto come fai per la musica ed i video [CR] Sarai in grado di ordinare le tue foto per giorno/mese/anno, parole chiave e molto altro</description>
        <description lang="ko">음악과 비디오를 관리하는 것처럼 사진도 관리하세요[CR]그러면 사진을 년/월/일 또는 키워드 등으로 정렬할 수 있습니다.</description>
        <description lang="lt">Tvarkykite savo nuotraukas kaip tai darote su muzika ir vaizdo įrašais[CR]Tada galėsite rūšiuoti nuotraukas pagal dieną/mėnesį/metus, raktinius žodžius ir daug daugiau</description>
        <description lang="nl">Toon uw afbeeldingen zoals voor muziek en video’s. Op basis van meta-gegevens in de afbeeldingen kunt een slideshow starten, zoals op datums, categorieën, trefwoorden of andere EXIF/IPTC/XMP tags.</description>
        <description lang="pl">Zarządzanie obrazami tak jak muzyką i materiałami wideo[CR]Wtyczka umożliwia sortowanie obrazów według dnia, miesiąca, roku, słowach kluczowych i wielu innych.</description>
        <description lang="pt">Organize as suas imagens tal como faz com as músicas e os vídeos[CR]Assim, conseguirá ordenar as imagens por dia/mês/ano, palavras-chave e muito mais</description>
        <description lang="pt_BR">Gerencie suas imagens assim como você já faz com músicas e vídeos[CR]Então, você poderá ordenar suas imagens por dia/mês/ano, palavras-chave e muito mais</description>
        <description lang="sk">Spravujte svoje obrázky ako zvyknete hudbu a videá&#10;Potom budete môcť usporiadať svoje obrázky podľa dňa/mesiaca/roku, kľúčového slova a oveľa viac</description>
        <description lang="sv">Hantera dina bilder som du gör med musik och film[CR]Du kommer att kunna sortera dina bilder efter dag/månad/år, nyckelord och mycket mer</description>
        <language></language>
        <platform>all</platform>
        <assets>
            <icon>icon.png</icon>
            <fanart>fanart.jpg</fanart>
        </assets>
</extension>
</addon>
