<?xml version="1.0" encoding="UTF-8" standalone="yes"?>
<addon id="repository.xycl.addons2" name="Xycl Add-on Repository" version="19.0.0" provider-name="xycl">
	<extension point="xbmc.addon.repository" name="Xycl Add-on Repository">
		<info compressed="false">https://raw.github.com/Xycl/repository.xycl.addons2/master/addons.xml</info>
		<checksum>https://raw.github.com/Xycl/repository.xycl.addons2/master/addons.xml.md5</checksum>
		<datadir zip="true">https://raw.github.com/Xycl/repository.xycl.addons2/master/</datadir>
	</extension>
	<extension point="xbmc.addon.metadata">
		<summary>Various Addons for Kodi 19 and beyond</summary>
        <description></description>
		<disclaimer></disclaimer>
		<platform>all</platform>
	</extension>
</addon>

